show,code,name,unit,price,status
ใช่,1001,กระเจี๊ยบแดง สด,kg,25,เปิดรับ
ใช่,1002,กระทือ สด,kg,10,เปิดรับ
ใช่,1003,กระเทียม สด,kg,30,เปิดรับ
ใช่,1004,กะเม็ง สด,kg,10,เปิดรับ
ใช่,1084,กัญชาส่วนก้าน สด,kg,580,เปิดรับ
ใช่,1083,กัญชาส่วนช่อดอก สด,kg,2400,เปิดรับ
ใช่,1080,กัญชาส่วนใบ สด,kg,720,เปิดรับ
ใช่,1082,กัญชาส่วนราก สด,kg,1500,เปิดรับ
ใช่,1081,กัญชาส่วนลำต้น สด,kg,410,เปิดรับ
ใช่,1005,ขมิ้นชัน สด,kg,20,เปิดรับ
ใช่,1006,ขมิ้นอ้อย สด,kg,15,เปิดรับ
ใช่,1008,ข่าบ้าน สด,kg,15,เปิดรับ
ใช่,1009,ข่าป่า สด,kg,15,เปิดรับ
ใช่,1012,ขิง สด,kg,45,เปิดรับ
ใช่,1015,ชุมเห็ดเทศ สด,kg,20,เปิดรับ
ใช่,1055,ดอกอัญชัน สด,kg,15,เปิดรับ
ใช่,1019,ตะไคร้บ้าน สด,kg,10,เปิดรับ
ใช่,1020,ตะไคร้หอม สด,kg,10,เปิดรับ
ใช่,1021,เตยหอม สด,kg,10,เปิดรับ
ใช่,1025,น้ำนมราชสีห์ สด,kg,15,เปิดรับ
ใช่,1026,บอระเพ็ด สด,kg,5,เปิดรับ
ใช่,1027,บัวบก สด,kg,20,เปิดรับ
ใช่,1028,ใบขี้เหล็ก สด,kg,20,เปิดรับ
ใช่,1085,ใบมะขามแขก สด,kg,30,เปิดรับ
ใช่,1079,ใบสะเดา สด,kg,5,เปิดรับ
ใช่,1086,ผักมะขามแขก สด,kg,35,เปิดรับ
ใช่,1032,เพชรสังฆาต สด,kg,10,เปิดรับ
ใช่,1033,ไพล สด,kg,30,เปิดรับ
ใช่,1034,ฟ้าทะลายโจร สด,kg,30,เปิดรับ
ใช่,1036,มะขามป้อม สด,kg,30,เปิดรับ
ใช่,1037,มะขามเปียก,kg,70,เปิดรับ
ใช่,1040,รางจืด สด,kg,25,เปิดรับ
ใช่,1901,ว่านจอด สด,kg,100,เปิดรับ
ใช่,1906,ว่านตูบหมูบ สด,kg,100,เปิดรับ
ใช่,1903,ว่านถอด สด,kg,100,เปิดรับ
ใช่,1902,ว่านถอนพิษ สด,kg,100,เปิดรับ
ใช่,1905,ว่านทรง สด,kg,100,เปิดรับ
ใช่,1904,ว่านหอมแดง สด,kg,100,เปิดรับ
ใช่,1044,เสลดพังพอนตัวเมีย สด,kg,15,เปิดรับ
ใช่,1045,หญ้าดอกขาว สด,kg,20,เปิดรับ
ใช่,1046,หญ้าหนวดแมว สด,kg,20,เปิดรับ
ใช่,1057,หัวหอมแดง สด,kg,25,เปิดรับ
