show,featured,id,name,cat,price,unit,desc,use,warn,image,icon,color
ใช่,,5012,ยาหม่องพญายอ 10 กรัม,ขี้ผึ้ง,20,10 g x 1 ขวด,,,,,🫙,#FBF4D9
ใช่,,5010,ยาหม่องไพล 10 กรัม,ขี้ผึ้ง,20,10 g x 1 ขวด,,,,,🫙,#FBF4D9
ใช่,,5053,ครีมพญายอ 5 กรัม,ครีม,25,5 g x 1 หลอด,,,,,🧴,#EAF3EC
ใช่,ใช่,5131,ครีมไพล 30 กรัม,ครีม,32,30 g x 1 หลอด,,,,,🧴,#EAF3EC
ใช่,,4003,ขมิ้นชัน 500 มิลลิกรัม 500 แคปซูล,แคปซูล,350,500 mg x 500 แคปซูล,,,,,💊,#EEF5E6
ใช่,,4028,ผสมเถาวัลย์เปรียง 500 มิลลิกรัม 500 แคปซูล,แคปซูล,350,500 mg x 500 แคปซูล,,,,,💊,#EEF5E6
ใช่,,4005,เถาวัลย์เปรียง 500 มิลลิกรัม 500 แคปซูล,แคปซูล,400,500 mg x 500 แคปซูล,,,,,💊,#EEF5E6
ใช่,,4028-2,ผสมเพชรสังฆาต 500 มิลลิกรัม 500 แคปซูล,แคปซูล,350,500 mg x 500 แคปซูล,,,,,💊,#EEF5E6
ใช่,,4012,ฟ้าทะลายโจร 400 มิลลิกรัม 500 แคปซูล,แคปซูล,350,400 mg x 500 แคปซูล,,,,,💊,#EEF5E6
ใช่,ใช่,4903,ฟ้าทะลายโจร 500 มิลลิกรัม 500 แคปซูล,แคปซูล,350,500 mg x 500 แคปซูล,,,,,💊,#EEF5E6
ใช่,,4905,มะขามแขก 400 มิลลิกรัม 500 แคปซูล,แคปซูล,400,400 mg x 500 แคปซูล,,,,,💊,#EEF5E6
ใช่,,4904,มะขามแขก 500 มิลลิกรัม 500 แคปซูล,แคปซูล,400,500 mg x 500 แคปซูล,,,,,💊,#EEF5E6
ใช่,,6002,ยาแก้ลมแก้เส้น 500 มิลลิกรัม 100 แคปซูล,แคปซูล,267.50,500 mg x 100 แคปซูล,,,,,💊,#EEF5E6
ใช่,,6007,ยาทำลายพระสุเมรุ 500 มิลลิกรัม 100 แคปซูล,แคปซูล,188,500 mg x 100 แคปซูล,,,,,💊,#EEF5E6
ใช่,,6001,ยาศุขไสยาศน์ 500 มิลลิกรัม 100 แคปซูล,แคปซูล,209.72,500 mg x 100 แคปซูล,,,,,💊,#EEF5E6
ใช่,,4069,สหัสธารา 500 มิลลิกรัม 500 แคปซูล,แคปซูล,500,500 mg x 500 แคปซูล,,,,,💊,#EEF5E6
ใช่,,5054,เจลพริก 30 กรัม,เจล,35,30 g x 1 หลอด,,,,,🧴,#FBEDE6
ใช่,,4095,ชาชงกระเจี๊ยบแดง 2 กรัม 5 ซอง,ชาชง,30,2 g x 5 ซอง,,,,,🍵,#F4F1E1
ใช่,,4098,ชาชงขิง 2 กรัม 5 ซอง,ชาชง,30,2 g x 5 ซอง,,,,,🍵,#F4F1E1
ใช่,,4094,ชาชงชุมเห็ดเทศ 2 กรัม 5 ซอง,ชาชง,30,2 g x 5 ซอง,,,,,🍵,#F4F1E1
ใช่,,4099,ชาชงตรีผลา 2 กรัม 5 ซอง,ชาชง,30,2 g x 5 ซอง,,,,,🍵,#F4F1E1
ใช่,,4093,ชาชงบำรุงน้ำนม 2 กรัม 5 ซอง,ชาชง,30,2 g x 5 ซอง,,,,,🍵,#F4F1E1
ใช่,,4906,ชาชงมะขามแขก 2 กรัม 5 ซอง,ชาชง,35,2 g x 5 ซอง,,,,,🍵,#F4F1E1
ใช่,,4092,ชาชงรางจืด 2 กรัม 5 ซอง,ชาชง,30,2 g x 5 ซอง,,,,,🍵,#F4F1E1
ใช่,,4096,ชาชงหญ้าดอกขาว 2 กรัม 5 ซอง,ชาชง,30,2 g x 5 ซอง,,,,,🍵,#F4F1E1
ใช่,,4097,ชาชงหญ้าหนวดแมว 2 กรัม 5 ซอง,ชาชง,30,2 g x 5 ซอง,,,,,🍵,#F4F1E1
ใช่,,6003,ยาริดสีดวงทวารหนักและโรคผิวหนัง 2 กรัม 15 ซอง,ผง,350,2 g x 15 ซอง,,,,,🌿,#EEF5E6
ใช่,,4085,ยาหอมเทพจิตร อัดเม็ด 500 มิลลิกรัม 10 กรัม,เม็ด,35,500 mg x 10 g,,,,,⚪,#FBF1E1
ใช่,,4084,ยาหอมนวโกฐ อัดเม็ด 500 มิลลิกรัม 10 กรัม,เม็ด,35,500 mg x 10 g,,,,,⚪,#FBF1E1
ใช่,,4086,ยาหอมอินทจักร์ อัดเม็ด 500 มิลลิกรัม 10 กรัม,เม็ด,35,500 mg x 10 g,,,,,⚪,#FBF1E1
ใช่,,4087,ยาอมประสะมะแว้ง 200 มิลลิกรัม 5 กรัม,ลูกกลอน,12,200 mg x 5 g,,,,,🟤,#F3EEE4
ใช่,ใช่,5130,ลูกประคบสมุนไพร 200 กรัม 1 ลูก,ลูกประคบ,60,200 g x 1 ลูก,,,,,🍃,#F3EEE4
ใช่,,5048,คาลาไมน์พญายอ 60 มิลลิลิตร,สารแขวนตะกอน,25,60 mL x 1 ขวด,,,,,🧴,#F3EEE4
ใช่,,5049,กลีเซอรีนพญายอ 10 มิลลิลิตร,สารละลาย,40,10 mL x 1 ขวด,,,,,🧪,#EEF2E8
ใช่,,4089,แก้ไอมะขามป้อม 120 มิลลิลิตร,สารละลาย,25,120 mL x 1 ขวด,,,,,🧪,#EEF2E8
ใช่,,5004,น้ำมันไพล 20 มิลลิลิตร,สารละลาย,25,20 mL x 1 ขวด,,,,,🧪,#EEF2E8
ใช่,,5008,พิมเสนน้ำ 5 มิลลิลิตร,สารละลาย,25,5 mL x 1 ขวด,,,,,🧪,#EEF2E8
ใช่,,4088,ยาธาตุอบเชย 120 มิลลิลิตร,สารละลาย,18.50,120 mL x 1 ขวด,,,,,🧪,#EEF2E8
ใช่,,5001,ชุดอบสมุนไพร 150 กรัม,แห้ง,80,150 g x 1 ห่อ,,,,,🌿,#EAF3EC
ใช่,,4026,จันทน์ลีลา 500 มิลลิกรัม 500 แคปซูล,แคปซูล,500,500 mg x 500 แคปซูล,,,,,💊,#EEF5E6
ใช่,,4027,ประสะไพล 500 มิลลิกรัม 500 แคปซูล,แคปซูล,650,500 mg x 500 แคปซูล,,,,,💊,#EEF5E6
ใช่,,4050,ปราบชมพูทวีป 500 มิลลิกรัม 500 แคปซูล,แคปซูล,600,500 mg x 500 แคปซูล,,,,,💊,#EEF5E6
ใช่,,4053,ธาตุบรรจบ 500 มิลลิกรัม 500 แคปซูล,แคปซูล,700,500 mg x 500 แคปซูล,,,,,💊,#EEF5E6
ใช่,,4062,ริดสีดวงมหากาฬ 500 มิลลิกรัม 500 แคปซูล,แคปซูล,500,500 mg x 500 แคปซูล,,,,,💊,#EEF5E6
