key,value,note
phone,093 584 7320,เบอร์โทร
line,@phanaphan,ชื่อ LINE
lineUrl,#,ลิงก์ LINE เช่น https://lin.ee/xxxx
email,contact@example.com,อีเมล
address,ศูนย์แพทย์แผนไทยพนา โรงพยาบาลพนา อ.พนา จ.อำนาจเจริญ,ที่อยู่
hours,จันทร์–ศุกร์ 08:30–16:30 น.,เวลาทำการ
staffUrl,#,ลิงก์ Google Drive ของเจ้าหน้าที่
mapQuery,"15.690761941948466,104.83965918465745",พิกัดหรือชื่อสถานที่สำหรับแผนที่
herbsUpdated,25 สิงหาคม 2569,วันที่อัปเดตราคารับซื้อ
gradeB,70,ราคาเกรด B (% ของเกรด A)
gradeC,40,ราคาเกรด C (% ของเกรด A)
gapBonus,10,บวกเพิ่มสำหรับ GAP (%)
organicBonus,20,บวกเพิ่มสำหรับอินทรีย์ (%)
mapUrl,https://maps.app.goo.gl/HVPosHJZ9CvTgshn6,ลิงก์ Google Maps สำหรับปุ่มนำทาง
mapEmbed,https://www.google.com/maps/embed?pb=!1m18!1m12!1m3!1d3841.141819163234!2d104.8397021!3d15.690622499999996!2m3!1f0!2f0!3f0!3m2!1i1024!2i768!4f13.1!3m3!1m2!1s0x31161280b35c8085%3A0xc1a27917679175f9!2z4Lio4Li54LiZ4Lii4LmM4LmB4Lie4LiX4Lii4LmM4LmB4Lic4LiZ4LmE4LiX4Lii4Lie4LiZ4Liy!5e0!3m2!1sth!2sth!4v1790598823602!5m2!1sth!2sth,ลิงก์ฝังแผนที่ (Google Maps > แชร์ > ฝังแผนที่ > คัดลอกเฉพาะลิงก์ใน src)
